{
	"variables": [],
	"info": {
		"name": "ProductCatalogue",
		"_postman_id": "09ed7e57-82f5-ec0e-d96b-789daa63d336",
		"description": "",
		"schema": "https://schema.getpostman.com/json/collection/v2.0.0/collection.json"
	},
	"item": [
		{
			"name": "http://localhost:8085/v1/catalogue/addProducts",
			"request": {
				"url": "http://localhost:8085/v1/catalogue/addProducts",
				"method": "POST",
				"header": [
					{
						"key": "Content-Type",
						"value": "application/json",
						"description": ""
					}
				],
				"body": {
					"mode": "raw",
					"raw": "\t[\r\n\t\t{\t\t\r\n\t\t\t\"productId\" : 2547,\r\n\t\t\t\"category\" : \"shirt\",\r\n\t\t\t\"sku\" : \"S1P1\",\r\n\t\t\t\"brand\" : \"PepeJeans\",\r\n\t\t\t\"price\" : 3120 ,\r\n\t\t\t\"colour\" : \"blue\",\r\n\t\t\t\"size\" : \"XL\",\r\n\t\t\t\"seller\" : \"Brand Factory\"\r\n\t\t},\t\t\t\r\n\t\t{\r\n\t\t\t\"productId\" : 2548,\r\n\t\t\t\"category\" : \"shirt\",\r\n\t\t\t\"sku\" : \"S2P1\",\r\n\t\t\t\"brand\" : \"Levis\",\r\n\t\t\t\"price\" : 4000,\r\n\t\t\t\"colour\" : \"green\",\r\n\t\t\t\"size\" : \"L\",\r\n\t\t\t\"seller\" : \"All India Mart\"\r\n\t\t},\t\t\t\r\n\t\t{\r\n\t\t\t\"productId\" : 2549,\r\n\t\t\t\"category\" : \"trouser\",\r\n\t\t\t\"sku\" : \"S2P2\",\r\n\t\t\t\"brand\" : \"UCB\",\r\n\t\t\t\"price\" : 4500,\r\n\t\t\t\"colour\" : \"black\",\r\n\t\t\t\"size\" : \"32\",\r\n\t\t\t\"seller\" : \"All India Mart\"\r\n\t\t},\r\n\t\t{\r\n\t\t\t\"productId\" : 2550,\r\n\t\t\t\"category\" : \"socks\",\r\n\t\t\t\"sku\" : \"S1P2\",\r\n\t\t\t\"brand\" : \"Flying Machine\",\r\n\t\t\t\"price\" : 250,\r\n\t\t\t\"colour\" : \"black\",\r\n\t\t\t\"size\" : \"M\",\r\n\t\t\t\"seller\" : \"Brand Factory\"\r\n\t\t},\t\r\n\t\t{\r\n\t\t\t\"productId\" : 2551,\r\n\t\t\t\"category\" : \"trouser\",\r\n\t\t\t\"sku\" : \"S2P3\",\r\n\t\t\t\"brand\" : \"Flying Machine\",\r\n\t\t\t\"price\" : 3500,\r\n\t\t\t\"colour\" : \"black\",\r\n\t\t\t\"size\" : \"30\",\r\n\t\t\t\"seller\" : \"All India Mart\"\r\n\t\t},\r\n\t\t{\t\r\n\t\t\t\"productId\" : 2552,\r\n\t\t\t\"category\" : \"shirt\",\r\n\t\t\t\"sku\" : \"S3P1\",\r\n\t\t\t\"brand\" : \"Louis Phillips\",\r\n\t\t\t\"price\" : 2699 ,\r\n\t\t\t\"colour\" : \"white\",\r\n\t\t\t\"size\" : \"L\",\r\n\t\t\t\"seller\" : \"D-Mart\"\r\n\t\t},\r\n\t\t{\t\r\n\t\t\t\"productId\" : 2553,\r\n\t\t\t\"category\" : \"shirt\",\r\n\t\t\t\"sku\" : \"S1P3\",\r\n\t\t\t\"brand\" : \"Pepe Jeans\",\r\n\t\t\t\"price\" : 2400 ,\r\n\t\t\t\"colour\" : \"black\",\r\n\t\t\t\"size\" : \"M\",\r\n\t\t\t\"seller\" : \"Brand Factory\"\r\n\t\t}\r\n\t]"
				},
				"description": ""
			},
			"response": []
		},
		{
			"name": "http://localhost:8085/v1/catalogue/getAllProducts",
			"request": {
				"url": "http://localhost:8085/v1/catalogue/getAllProducts",
				"method": "GET",
				"header": [],
				"body": {},
				"description": ""
			},
			"response": []
		},
		{
			"name": "http://localhost:8085/v1/catalogue/findProductByBrand/ucb/trouser",
			"request": {
				"url": "http://localhost:8085/v1/catalogue/findProductByBrand/ucb/trouser",
				"method": "GET",
				"header": [
					{
						"key": "Content-Type",
						"value": "application/json",
						"description": ""
					}
				],
				"body": {
					"mode": "raw",
					"raw": "{\r\n\t\t\"id\" : 1,\r\n\t\t\"name\" : \"Shirt\",\r\n\t\t\"desc\" : \"Formals\"\r\n\t}"
				},
				"description": ""
			},
			"response": []
		},
		{
			"name": "http://localhost:8085/v1/catalogue/findProductByPrice/200/5000/shirt",
			"request": {
				"url": "http://localhost:8085/v1/catalogue/findProductByPrice/200/5000/shirt",
				"method": "GET",
				"header": [],
				"body": {},
				"description": ""
			},
			"response": []
		},
		{
			"name": "http://localhost:8085/v1/catalogue/findProductByColour?colour=black&category=trouser",
			"request": {
				"url": {
					"raw": "http://localhost:8085/v1/catalogue/findProductByColour?colour=black&category=trouser",
					"protocol": "http",
					"host": [
						"localhost"
					],
					"port": "8085",
					"path": [
						"v1",
						"catalogue",
						"findProductByColour"
					],
					"query": [
						{
							"key": "colour",
							"value": "black",
							"equals": true,
							"description": ""
						},
						{
							"key": "category",
							"value": "trouser",
							"equals": true,
							"description": ""
						}
					],
					"variable": []
				},
				"method": "GET",
				"header": [
					{
						"key": "Accept",
						"value": "application/json",
						"description": ""
					}
				],
				"body": {},
				"description": ""
			},
			"response": []
		},
		{
			"name": "http://localhost:8085/v1/catalogue/findProductBySize/?size=32&category=trouser",
			"request": {
				"url": {
					"raw": "http://localhost:8085/v1/catalogue/findProductBySize/?size=32&category=trouser",
					"protocol": "http",
					"host": [
						"localhost"
					],
					"port": "8085",
					"path": [
						"v1",
						"catalogue",
						"findProductBySize",
						""
					],
					"query": [
						{
							"key": "size",
							"value": "32",
							"equals": true,
							"description": ""
						},
						{
							"key": "category",
							"value": "trouser",
							"equals": true,
							"description": ""
						}
					],
					"variable": []
				},
				"method": "GET",
				"header": [],
				"body": {},
				"description": ""
			},
			"response": []
		},
		{
			"name": "http://localhost:8085/v1/catalogue/findProductBySku/?sku=S2P3",
			"request": {
				"url": {
					"raw": "http://localhost:8085/v1/catalogue/findProductBySku/?sku=S2P3",
					"protocol": "http",
					"host": [
						"localhost"
					],
					"port": "8085",
					"path": [
						"v1",
						"catalogue",
						"findProductBySku",
						""
					],
					"query": [
						{
							"key": "sku",
							"value": "S2P3",
							"equals": true,
							"description": ""
						}
					],
					"variable": []
				},
				"method": "GET",
				"header": [],
				"body": {},
				"description": ""
			},
			"response": []
		},
		{
			"name": "http://localhost:8085/v1/catalogue/findTotalProductsBySeller/?seller=Brand Factory&category=shirt",
			"request": {
				"url": {
					"raw": "http://localhost:8085/v1/catalogue/findTotalProductsBySeller/?seller=Brand Factory&category=shirt",
					"protocol": "http",
					"host": [
						"localhost"
					],
					"port": "8085",
					"path": [
						"v1",
						"catalogue",
						"findTotalProductsBySeller",
						""
					],
					"query": [
						{
							"key": "seller",
							"value": "Brand Factory",
							"equals": true,
							"description": ""
						},
						{
							"key": "category",
							"value": "shirt",
							"equals": true,
							"description": ""
						}
					],
					"variable": []
				},
				"method": "GET",
				"header": [],
				"body": {},
				"description": ""
			},
			"response": []
		}
	]
}